{"cameraMode":{"drawMode":0,"name":"Shaded","section":"Shading Mode"},"sceneLighting":false,"audioPlay":false,"sceneViewState":{"showFog":true,"showMaterialUpdate":false,"showSkybox":false,"showFlares":true,"showImageEffects":true,"showParticleSystems":true},"in2DMode":false,"pivot":{"x":13.46906852722168,"y":0.8034000992774963,"z":7.530930995941162},"rotation":{"x":0.2391176074743271,"y":-0.36964383721351626,"z":0.0990457683801651,"w":0.8923990726470947},"size":3.1520423889160158,"orthographic":true}