{"cameraMode":{"drawMode":0,"name":"Shaded","section":"Shading Mode"},"sceneLighting":false,"audioPlay":false,"sceneViewState":{"showFog":true,"showMaterialUpdate":false,"showSkybox":false,"showFlares":true,"showImageEffects":true,"showParticleSystems":true},"in2DMode":false,"pivot":{"x":1.9938762187957764,"y":2.994999885559082,"z":-1.9938762187957764},"rotation":{"x":0.25268399715423586,"y":-0.20906461775302888,"z":0.05601869523525238,"w":0.943029522895813},"size":1.2792989015579224,"orthographic":true}