{"cameraMode":{"drawMode":0,"name":"Shaded","section":"Shading Mode"},"sceneLighting":true,"audioPlay":false,"sceneViewState":{"showFog":true,"showMaterialUpdate":false,"showSkybox":true,"showFlares":true,"showImageEffects":true,"showParticleSystems":true},"in2DMode":false,"pivot":{"x":5.9938764572143559,"y":4.911258220672607,"z":6.5061235427856449},"rotation":{"x":0.2391176074743271,"y":-0.36964383721351626,"z":0.0990457683801651,"w":0.8923990726470947},"size":7.43943452835083,"orthographic":true}